sample_id,taxon,partner_sample_id,contributor,country,location,year,month,latitude,longitude,sex_call,sample_set,release,quarter,study_id,study_url,terms_of_use_expiry_date,terms_of_use_url,unrestricted_use,mean_cov,median_cov,modal_cov,mean_cov_2L,median_cov_2L,mode_cov_2L,mean_cov_2R,median_cov_2R,mode_cov_2R,mean_cov_3L,median_cov_3L,mode_cov_3L,mean_cov_3R,median_cov_3R,mode_cov_3R,mean_cov_X,median_cov_X,mode_cov_X,frac_gen_cov,divergence,contam_pct,contam_LLR,aim_species_fraction_arab,aim_species_fraction_colu,aim_species_fraction_colu_no2l,aim_species_gambcolu_arabiensis,aim_species_gambiae_coluzzii,aim_species,country_iso,admin1_name,admin1_iso,admin2_name,cohort_admin1_year,cohort_admin1_month,cohort_admin1_quarter,cohort_admin2_year,cohort_admin2_month,cohort_admin2_quarter,pop,old
AK0177-C,gambiae,K1,Janet Midega,Kenya,Kilifi,2000,-1,-3.511,39.909,F,AG1000G-KE,3.0,-1,AG1000G-KE,https://www.malariagen.net/partner_study/AG1000G-KE,2025-01-01,https://www.malariagen.net/data/our-approach-sharing-data/ag1000g-terms-of-use/,True,30.4,30,31,30.84,31,31,30.31,31,31,29.95,30,31,30.04,30,31,31.3,30,31,0.94,0.02,2.677,5480.631,0.0026799387442572,0.0601719197707736,0.0247524752475247,gambcolu,gambiae,gambiae,KEN,Kilifi,KE-14,Kilifi North,KE-14_gamb_2000,KE-14_gamb_2000,KE-14_gamb_2000,KE-14_Kilifi-North_gamb_2000,KE-14_Kilifi-North_gamb_2000,KE-14_Kilifi-North_gamb_2000,AK0177-C_gambiae,0_AK0177-C
AK0203-C,gambiae,K247,Janet Midega,Kenya,Kilifi,2000,-1,-3.511,39.909,M,AG1000G-KE,3.0,-1,AG1000G-KE,https://www.malariagen.net/partner_study/AG1000G-KE,2025-01-01,https://www.malariagen.net/data/our-approach-sharing-data/ag1000g-terms-of-use/,True,34.63,33,32,36.36,34,32,35.37,34,32,36.93,35,32,36.66,35,32,20.32,17,15,0.933,0.022,0.811,1062.108,0.0053619302949061,0.0222381635581061,0.0231023102310231,gambcolu,gambiae,gambiae,KEN,Kilifi,KE-14,Kilifi North,KE-14_gamb_2000,KE-14_gamb_2000,KE-14_gamb_2000,KE-14_Kilifi-North_gamb_2000,KE-14_Kilifi-North_gamb_2000,KE-14_Kilifi-North_gamb_2000,AK0203-C_gambiae,0_AK0203-C
AK0207-C,gambiae,K251,Janet Midega,Kenya,Kilifi,2000,-1,-3.511,39.909,M,AG1000G-KE,3.0,-1,AG1000G-KE,https://www.malariagen.net/partner_study/AG1000G-KE,2025-01-01,https://www.malariagen.net/data/our-approach-sharing-data/ag1000g-terms-of-use/,True,36.52,35,35,38.6,37,35,37.29,36,34,38.52,37,35,38.94,37,35,20.94,18,16,0.938,0.021,1.019,1484.119,0.0057537399309551,0.0851825340014316,0.032151690024732,gambcolu,gambiae,gambiae,KEN,Kilifi,KE-14,Kilifi North,KE-14_gamb_2000,KE-14_gamb_2000,KE-14_gamb_2000,KE-14_Kilifi-North_gamb_2000,KE-14_Kilifi-North_gamb_2000,KE-14_Kilifi-North_gamb_2000,AK0207-C_gambiae,0_AK0207-C
AK0211-C,gambiae,K259,Janet Midega,Kenya,Kilifi,2000,-1,-3.511,39.909,M,AG1000G-KE,3.0,-1,AG1000G-KE,https://www.malariagen.net/partner_study/AG1000G-KE,2025-01-01,https://www.malariagen.net/data/our-approach-sharing-data/ag1000g-terms-of-use/,True,33.71,34,35,35.38,35,35,34.89,35,35,35.58,35,35,35.47,35,35,19.68,17,17,0.934,0.022,1.009,1310.437,0.006125574272588,0.0265804597701149,0.0281456953642384,gambcolu,gambiae,gambiae,KEN,Kilifi,KE-14,Kilifi North,KE-14_gamb_2000,KE-14_gamb_2000,KE-14_gamb_2000,KE-14_Kilifi-North_gamb_2000,KE-14_Kilifi-North_gamb_2000,KE-14_Kilifi-North_gamb_2000,AK0211-C_gambiae,0_AK0211-C
AK0212-C,gambiae,K264,Janet Midega,Kenya,Kilifi,2000,-1,-3.511,39.909,M,AG1000G-KE,3.0,-1,AG1000G-KE,https://www.malariagen.net/partner_study/AG1000G-KE,2025-01-01,https://www.malariagen.net/data/our-approach-sharing-data/ag1000g-terms-of-use/,True,29.96,31,32,31.92,32,32,31.21,31,32,31.13,31,32,31.26,32,32,17.36,16,15,0.938,0.02,1.217,1541.029,0.0044044427422443,0.0767575322812051,0.0322314049586776,gambcolu,gambiae,gambiae,KEN,Kilifi,KE-14,Kilifi North,KE-14_gamb_2000,KE-14_gamb_2000,KE-14_gamb_2000,KE-14_Kilifi-North_gamb_2000,KE-14_Kilifi-North_gamb_2000,KE-14_Kilifi-North_gamb_2000,AK0212-C_gambiae,0_AK0212-C
AK0213-C,gambiae,K265,Janet Midega,Kenya,Kilifi,2000,-1,-3.511,39.909,F,AG1000G-KE,3.0,-1,AG1000G-KE,https://www.malariagen.net/partner_study/AG1000G-KE,2025-01-01,https://www.malariagen.net/data/our-approach-sharing-data/ag1000g-terms-of-use/,True,41.25,38,34,41.83,39,34,39.67,37,33,42.03,39,34,41.65,38,34,41.89,37,31,0.939,0.02,0.98,1501.814,0.0067011296189929,0.0257510729613733,0.0280065897858319,gambcolu,gambiae,gambiae,KEN,Kilifi,KE-14,Kilifi North,KE-14_gamb_2000,KE-14_gamb_2000,KE-14_gamb_2000,KE-14_Kilifi-North_gamb_2000,KE-14_Kilifi-North_gamb_2000,KE-14_Kilifi-North_gamb_2000,AK0213-C_gambiae,0_AK0213-C
AK0214-C,gambiae,K266,Janet Midega,Kenya,Kilifi,2000,-1,-3.511,39.909,M,AG1000G-KE,3.0,-1,AG1000G-KE,https://www.malariagen.net/partner_study/AG1000G-KE,2025-01-01,https://www.malariagen.net/data/our-approach-sharing-data/ag1000g-terms-of-use/,True,29.36,30,31,31.17,31,31,30.63,31,31,30.55,31,31,30.68,31,31,17.0,15,15,0.938,0.02,1.173,1415.392,0.0040214477211796,0.0667144906743185,0.0338842975206611,gambcolu,gambiae,gambiae,KEN,Kilifi,KE-14,Kilifi North,KE-14_gamb_2000,KE-14_gamb_2000,KE-14_gamb_2000,KE-14_Kilifi-North_gamb_2000,KE-14_Kilifi-North_gamb_2000,KE-14_Kilifi-North_gamb_2000,AK0214-C_gambiae,0_AK0214-C
AK0215-C,gambiae,K267,Janet Midega,Kenya,Kilifi,2000,-1,-3.511,39.909,M,AG1000G-KE,3.0,-1,AG1000G-KE,https://www.malariagen.net/partner_study/AG1000G-KE,2025-01-01,https://www.malariagen.net/data/our-approach-sharing-data/ag1000g-terms-of-use/,True,27.91,28,30,29.34,29,30,29.15,29,30,28.96,29,30,29.29,29,30,16.6,15,14,0.934,0.022,1.257,1520.9,0.0055544914767285,0.0790797987059669,0.024026512013256,gambcolu,gambiae,gambiae,KEN,Kilifi,KE-14,Kilifi North,KE-14_gamb_2000,KE-14_gamb_2000,KE-14_gamb_2000,KE-14_Kilifi-North_gamb_2000,KE-14_Kilifi-North_gamb_2000,KE-14_Kilifi-North_gamb_2000,AK0215-C_gambiae,0_AK0215-C
AK0226-C,gambiae,K395,Janet Midega,Kenya,Kilifi,2000,-1,-3.511,39.909,M,AG1000G-KE,3.0,-1,AG1000G-KE,https://www.malariagen.net/partner_study/AG1000G-KE,2025-01-01,https://www.malariagen.net/data/our-approach-sharing-data/ag1000g-terms-of-use/,True,27.44,28,29,28.85,29,29,28.65,29,29,28.58,29,29,28.69,29,29,16.36,15,14,0.935,0.022,1.356,1613.818,0.0032567049808429,0.0279569892473118,0.0313790255986787,gambcolu,gambiae,gambiae,KEN,Kilifi,KE-14,Kilifi North,KE-14_gamb_2000,KE-14_gamb_2000,KE-14_gamb_2000,KE-14_Kilifi-North_gamb_2000,KE-14_Kilifi-North_gamb_2000,KE-14_Kilifi-North_gamb_2000,AK0226-C_gambiae,0_AK0226-C
AK0235-C,gambiae,K422,Janet Midega,Kenya,Kilifi,2000,-1,-3.511,39.909,F,AG1000G-KE,3.0,-1,AG1000G-KE,https://www.malariagen.net/partner_study/AG1000G-KE,2025-01-01,https://www.malariagen.net/data/our-approach-sharing-data/ag1000g-terms-of-use/,True,32.66,33,33,32.8,33,33,32.48,33,33,32.44,33,33,32.43,33,33,33.71,33,33,0.938,0.021,1.227,1696.783,0.0040214477211796,0.0257510729613733,0.028830313014827,gambcolu,gambiae,gambiae,KEN,Kilifi,KE-14,Kilifi North,KE-14_gamb_2000,KE-14_gamb_2000,KE-14_gamb_2000,KE-14_Kilifi-North_gamb_2000,KE-14_Kilifi-North_gamb_2000,KE-14_Kilifi-North_gamb_2000,AK0235-C_gambiae,0_AK0235-C
AK0236-C,gambiae,K424,Janet Midega,Kenya,Kilifi,2000,-1,-3.511,39.909,M,AG1000G-KE,3.0,-1,AG1000G-KE,https://www.malariagen.net/partner_study/AG1000G-KE,2025-01-01,https://www.malariagen.net/data/our-approach-sharing-data/ag1000g-terms-of-use/,True,30.83,32,33,32.42,33,33,32.43,33,33,32.08,32,33,32.12,32,33,18.07,16,16,0.935,0.022,1.184,1582.179,0.0047883547213177,0.0769230769230769,0.0198840099420049,gambcolu,gambiae,gambiae,KEN,Kilifi,KE-14,Kilifi North,KE-14_gamb_2000,KE-14_gamb_2000,KE-14_gamb_2000,KE-14_Kilifi-North_gamb_2000,KE-14_Kilifi-North_gamb_2000,KE-14_Kilifi-North_gamb_2000,AK0236-C_gambiae,0_AK0236-C
AK0237-C,gambiae,K425,Janet Midega,Kenya,Kilifi,2000,-1,-3.511,39.909,F,AG1000G-KE,3.0,-1,AG1000G-KE,https://www.malariagen.net/partner_study/AG1000G-KE,2025-01-01,https://www.malariagen.net/data/our-approach-sharing-data/ag1000g-terms-of-use/,True,30.84,31,31,30.91,31,31,30.55,31,31,30.7,31,31,30.82,31,31,31.75,31,31,0.938,0.021,1.204,1502.508,0.0055513016845329,0.0279770444763271,0.0322314049586776,gambcolu,gambiae,gambiae,KEN,Kilifi,KE-14,Kilifi North,KE-14_gamb_2000,KE-14_gamb_2000,KE-14_gamb_2000,KE-14_Kilifi-North_gamb_2000,KE-14_Kilifi-North_gamb_2000,KE-14_Kilifi-North_gamb_2000,AK0237-C_gambiae,0_AK0237-C
AK0238-C,gambiae,K426,Janet Midega,Kenya,Kilifi,2000,-1,-3.511,39.909,F,AG1000G-KE,3.0,-1,AG1000G-KE,https://www.malariagen.net/partner_study/AG1000G-KE,2025-01-01,https://www.malariagen.net/data/our-approach-sharing-data/ag1000g-terms-of-use/,True,30.5,31,31,30.54,31,31,30.5,31,31,30.18,30,31,30.32,30,31,31.4,31,31,0.935,0.022,1.282,1659.958,0.0028730128327906,0.0351002865329512,0.028052805280528,gambcolu,gambiae,gambiae,KEN,Kilifi,KE-14,Kilifi North,KE-14_gamb_2000,KE-14_gamb_2000,KE-14_gamb_2000,KE-14_Kilifi-North_gamb_2000,KE-14_Kilifi-North_gamb_2000,KE-14_Kilifi-North_gamb_2000,AK0238-C_gambiae,0_AK0238-C
AK0239-C,gambiae,K427,Janet Midega,Kenya,Kilifi,2000,-1,-3.511,39.909,F,AG1000G-KE,3.0,-1,AG1000G-KE,https://www.malariagen.net/partner_study/AG1000G-KE,2025-01-01,https://www.malariagen.net/data/our-approach-sharing-data/ag1000g-terms-of-use/,True,33.6,34,34,34.04,34,34,32.97,33,34,33.61,34,34,33.55,34,34,34.45,33,33,0.939,0.02,1.159,1569.853,0.0036384527001148,0.025035765379113,0.028830313014827,gambcolu,gambiae,gambiae,KEN,Kilifi,KE-14,Kilifi North,KE-14_gamb_2000,KE-14_gamb_2000,KE-14_gamb_2000,KE-14_Kilifi-North_gamb_2000,KE-14_Kilifi-North_gamb_2000,KE-14_Kilifi-North_gamb_2000,AK0239-C_gambiae,0_AK0239-C
AK0274-C,gambiae,K585,Janet Midega,Kenya,Kilifi,2000,-1,-3.511,39.909,F,AG1000G-KE,3.0,-1,AG1000G-KE,https://www.malariagen.net/partner_study/AG1000G-KE,2025-01-01,https://www.malariagen.net/data/our-approach-sharing-data/ag1000g-terms-of-use/,True,30.97,31,31,31.39,31,31,30.72,31,31,30.64,31,31,30.77,31,31,31.81,31,30,0.938,0.02,1.225,1527.66,0.0072824837102338,0.0278969957081545,0.0313014827018121,gambcolu,gambiae,gambiae,KEN,Kilifi,KE-14,Kilifi North,KE-14_gamb_2000,KE-14_gamb_2000,KE-14_gamb_2000,KE-14_Kilifi-North_gamb_2000,KE-14_Kilifi-North_gamb_2000,KE-14_Kilifi-North_gamb_2000,AK0274-C_gambiae,0_AK0274-C
AK0278-C,gambiae,K590,Janet Midega,Kenya,Kilifi,2000,-1,-3.511,39.909,M,AG1000G-KE,3.0,-1,AG1000G-KE,https://www.malariagen.net/partner_study/AG1000G-KE,2025-01-01,https://www.malariagen.net/data/our-approach-sharing-data/ag1000g-terms-of-use/,True,32.16,33,34,33.86,34,34,33.72,34,34,33.5,34,35,33.54,34,34,18.87,17,17,0.937,0.021,1.271,1787.575,0.0036391495882014,0.0322349570200573,0.0354785478547854,gambcolu,gambiae,gambiae,KEN,Kilifi,KE-14,Kilifi North,KE-14_gamb_2000,KE-14_gamb_2000,KE-14_gamb_2000,KE-14_Kilifi-North_gamb_2000,KE-14_Kilifi-North_gamb_2000,KE-14_Kilifi-North_gamb_2000,AK0278-C_gambiae,0_AK0278-C
AK0279-C,gambiae,K626,Janet Midega,Kenya,Kilifi,2000,-1,-3.511,39.909,M,AG1000G-KE,3.0,-1,AG1000G-KE,https://www.malariagen.net/partner_study/AG1000G-KE,2025-01-01,https://www.malariagen.net/data/our-approach-sharing-data/ag1000g-terms-of-use/,True,32.56,33,35,34.22,34,35,33.99,34,35,33.98,34,35,34.09,34,35,19.19,17,17,0.938,0.021,1.297,1935.558,0.0063315425940138,0.0581478822684852,0.0206782464846981,gambcolu,gambiae,gambiae,KEN,Kilifi,KE-14,Kilifi North,KE-14_gamb_2000,KE-14_gamb_2000,KE-14_gamb_2000,KE-14_Kilifi-North_gamb_2000,KE-14_Kilifi-North_gamb_2000,KE-14_Kilifi-North_gamb_2000,AK0279-C_gambiae,0_AK0279-C
AK0280-C,gambiae,K630,Janet Midega,Kenya,Kilifi,2000,-1,-3.511,39.909,F,AG1000G-KE,3.0,-1,AG1000G-KE,https://www.malariagen.net/partner_study/AG1000G-KE,2025-01-01,https://www.malariagen.net/data/our-approach-sharing-data/ag1000g-terms-of-use/,True,28.88,28,27,28.96,28,27,28.03,27,27,29.1,28,27,29.14,28,27,29.96,28,26,0.939,0.021,2.045,3197.216,0.0045985821038513,0.0229226361031518,0.0264026402640264,gambcolu,gambiae,gambiae,KEN,Kilifi,KE-14,Kilifi North,KE-14_gamb_2000,KE-14_gamb_2000,KE-14_gamb_2000,KE-14_Kilifi-North_gamb_2000,KE-14_Kilifi-North_gamb_2000,KE-14_Kilifi-North_gamb_2000,AK0280-C_gambiae,0_AK0280-C
AK0281-C,gambiae,K631,Janet Midega,Kenya,Kilifi,2000,-1,-3.511,39.909,M,AG1000G-KE,3.0,-1,AG1000G-KE,https://www.malariagen.net/partner_study/AG1000G-KE,2025-01-01,https://www.malariagen.net/data/our-approach-sharing-data/ag1000g-terms-of-use/,True,32.25,32,32,34.61,34,33,32.93,32,32,33.91,33,33,33.71,33,33,19.04,16,16,0.94,0.02,1.243,1779.196,0.0042137521547596,0.0544412607449856,0.0189768976897689,gambcolu,gambiae,gambiae,KEN,Kilifi,KE-14,Kilifi North,KE-14_gamb_2000,KE-14_gamb_2000,KE-14_gamb_2000,KE-14_Kilifi-North_gamb_2000,KE-14_Kilifi-North_gamb_2000,KE-14_Kilifi-North_gamb_2000,AK0281-C_gambiae,0_AK0281-C
BL0052-C,gambiae,Plate_D_1,Bilali Kabula,Tanzania,Muleba,2015,6,-1.962,31.621,M,AG1000G-TZ,3.0,2,AG1000G-TZ,https://www.malariagen.net/partner_study/AG1000G-TZ,2025-01-01,https://www.malariagen.net/data/our-approach-sharing-data/ag1000g-terms-of-use/,True,28.03,28,30,29.61,30,30,29.54,30,30,28.72,29,29,29.06,29,29,17.09,15,15,0.936,0.02,2.197,3257.44,0.0120712780226096,0.0294964028776978,0.0331125827814569,gambcolu,gambiae,gambiae,TZA,Kagera,TZ-05,Muleba,TZ-05_gamb_2015,TZ-05_gamb_2015_06,TZ-05_gamb_2015_Q2,TZ-05_Muleba_gamb_2015,TZ-05_Muleba_gamb_2015_06,TZ-05_Muleba_gamb_2015_Q2,BL0052-C_gambiae,0_BL0052-C
BL0054-C,gambiae,Plate_D_B2,Bilali Kabula,Tanzania,Muleba,2015,6,-1.962,31.621,F,AG1000G-TZ,3.0,2,AG1000G-TZ,https://www.malariagen.net/partner_study/AG1000G-TZ,2025-01-01,https://www.malariagen.net/data/our-approach-sharing-data/ag1000g-terms-of-use/,True,26.54,27,27,26.61,27,27,26.64,27,27,26.13,26,27,26.21,26,27,27.6,27,27,0.935,0.022,2.298,2936.122,0.0047901896915117,0.0229226361031518,0.0247524752475247,gambcolu,gambiae,gambiae,TZA,Kagera,TZ-05,Muleba,TZ-05_gamb_2015,TZ-05_gamb_2015_06,TZ-05_gamb_2015_Q2,TZ-05_Muleba_gamb_2015,TZ-05_Muleba_gamb_2015_06,TZ-05_Muleba_gamb_2015_Q2,BL0054-C_gambiae,0_BL0054-C
BL0058-C,gambiae,Plate_D_H7,Bilali Kabula,Tanzania,Muleba,2015,6,-1.962,31.621,F,AG1000G-TZ,3.0,2,AG1000G-TZ,https://www.malariagen.net/partner_study/AG1000G-TZ,2025-01-01,https://www.malariagen.net/data/our-approach-sharing-data/ag1000g-terms-of-use/,True,30.11,30,31,30.18,30,31,30.22,31,31,29.65,30,30,29.71,30,31,31.41,30,31,0.938,0.022,3.616,7407.829,0.0279639915724956,0.033715925394548,0.0338842975206611,gambcolu,gambiae,gambiae,TZA,Kagera,TZ-05,Muleba,TZ-05_gamb_2015,TZ-05_gamb_2015_06,TZ-05_gamb_2015_Q2,TZ-05_Muleba_gamb_2015,TZ-05_Muleba_gamb_2015_06,TZ-05_Muleba_gamb_2015_Q2,BL0058-C_gambiae,0_BL0058-C
BL0063-C,gambiae,Plate_D_G8,Bilali Kabula,Tanzania,Muleba,2015,6,-1.962,31.621,F,AG1000G-TZ,3.0,2,AG1000G-TZ,https://www.malariagen.net/partner_study/AG1000G-TZ,2025-01-01,https://www.malariagen.net/data/our-approach-sharing-data/ag1000g-terms-of-use/,True,27.74,28,28,27.6,28,28,27.98,28,28,27.11,27,28,27.51,27,28,29.07,28,28,0.936,0.022,2.774,4155.014,0.0120620333141872,0.0228898426323319,0.0230642504118616,gambcolu,gambiae,gambiae,TZA,Kagera,TZ-05,Muleba,TZ-05_gamb_2015,TZ-05_gamb_2015_06,TZ-05_gamb_2015_Q2,TZ-05_Muleba_gamb_2015,TZ-05_Muleba_gamb_2015_06,TZ-05_Muleba_gamb_2015_Q2,BL0063-C_gambiae,0_BL0063-C
BL0065-C,gambiae,Plate_D_C9,Bilali Kabula,Tanzania,Muleba,2015,6,-1.962,31.621,F,AG1000G-TZ,3.0,2,AG1000G-TZ,https://www.malariagen.net/partner_study/AG1000G-TZ,2025-01-01,https://www.malariagen.net/data/our-approach-sharing-data/ag1000g-terms-of-use/,True,31.15,31,32,31.25,31,32,31.33,32,32,30.6,31,32,30.72,31,32,32.43,32,32,0.939,0.021,1.994,2799.534,0.0061290940432867,0.0221904080171796,0.0238683127572016,gambcolu,gambiae,gambiae,TZA,Kagera,TZ-05,Muleba,TZ-05_gamb_2015,TZ-05_gamb_2015_06,TZ-05_gamb_2015_Q2,TZ-05_Muleba_gamb_2015,TZ-05_Muleba_gamb_2015_06,TZ-05_Muleba_gamb_2015_Q2,BL0065-C_gambiae,0_BL0065-C
BL0078-C,gambiae,Plate_B_G7,Bilali Kabula,Tanzania,Muleba,2015,6,-1.962,31.621,F,AG1000G-TZ,3.0,2,AG1000G-TZ,https://www.malariagen.net/partner_study/AG1000G-TZ,2025-01-01,https://www.malariagen.net/data/our-approach-sharing-data/ag1000g-terms-of-use/,True,26.35,26,27,26.32,26,26,26.71,27,27,25.69,26,26,25.79,26,26,27.85,27,27,0.934,0.022,2.096,2498.754,0.0045950603101665,0.019438444924406,0.0215767634854771,gambcolu,gambiae,gambiae,TZA,Kagera,TZ-05,Muleba,TZ-05_gamb_2015,TZ-05_gamb_2015_06,TZ-05_gamb_2015_Q2,TZ-05_Muleba_gamb_2015,TZ-05_Muleba_gamb_2015_06,TZ-05_Muleba_gamb_2015_Q2,BL0078-C_gambiae,0_BL0078-C
BL0079-C,gambiae,Plate_B_B8,Bilali Kabula,Tanzania,Muleba,2015,6,-1.962,31.621,F,AG1000G-TZ,3.0,2,AG1000G-TZ,https://www.malariagen.net/partner_study/AG1000G-TZ,2025-01-01,https://www.malariagen.net/data/our-approach-sharing-data/ag1000g-terms-of-use/,True,33.29,33,34,33.32,34,34,33.44,34,34,32.8,33,34,32.97,33,34,34.43,34,34,0.938,0.022,3.782,9167.28,0.0356458413185128,0.0272401433691756,0.0272052761747732,gambcolu,gambiae,gambiae,TZA,Kagera,TZ-05,Muleba,TZ-05_gamb_2015,TZ-05_gamb_2015_06,TZ-05_gamb_2015_Q2,TZ-05_Muleba_gamb_2015,TZ-05_Muleba_gamb_2015_06,TZ-05_Muleba_gamb_2015_Q2,BL0079-C_gambiae,0_BL0079-C
BL0100-C,gambiae,Plate_A_A1,Bilali Kabula,Tanzania,Muleba,2015,3,-1.962,31.621,M,AG1000G-TZ,3.0,1,AG1000G-TZ,https://www.malariagen.net/partner_study/AG1000G-TZ,2025-01-01,https://www.malariagen.net/data/our-approach-sharing-data/ag1000g-terms-of-use/,True,27.03,27,29,28.33,28,29,28.72,29,29,27.62,28,28,27.97,28,28,16.56,15,14,0.934,0.022,2.017,2737.836,0.0090072824837102,0.0266570605187319,0.0299003322259136,gambcolu,gambiae,gambiae,TZA,Kagera,TZ-05,Muleba,TZ-05_gamb_2015,TZ-05_gamb_2015_03,TZ-05_gamb_2015_Q1,TZ-05_Muleba_gamb_2015,TZ-05_Muleba_gamb_2015_03,TZ-05_Muleba_gamb_2015_Q1,BL0100-C_gambiae,0_BL0100-C
BL0101-C,gambiae,Plate_A_A2,Bilali Kabula,Tanzania,Muleba,2015,3,-1.962,31.621,F,AG1000G-TZ,3.0,1,AG1000G-TZ,https://www.malariagen.net/partner_study/AG1000G-TZ,2025-01-01,https://www.malariagen.net/data/our-approach-sharing-data/ag1000g-terms-of-use/,True,31.64,32,32,31.8,32,32,31.68,32,33,31.25,32,32,31.23,31,32,32.78,32,32,0.935,0.022,2.262,3744.342,0.0061290940432867,0.0200286123032904,0.0230263157894736,gambcolu,gambiae,gambiae,TZA,Kagera,TZ-05,Muleba,TZ-05_gamb_2015,TZ-05_gamb_2015_03,TZ-05_gamb_2015_Q1,TZ-05_Muleba_gamb_2015,TZ-05_Muleba_gamb_2015_03,TZ-05_Muleba_gamb_2015_Q1,BL0101-C_gambiae,0_BL0101-C
BL0102-C,gambiae,Plate_A_B2,Bilali Kabula,Tanzania,Muleba,2015,3,-1.962,31.621,F,AG1000G-TZ,3.0,1,AG1000G-TZ,https://www.malariagen.net/partner_study/AG1000G-TZ,2025-01-01,https://www.malariagen.net/data/our-approach-sharing-data/ag1000g-terms-of-use/,True,36.87,37,38,36.91,37,37,37.07,38,38,36.17,37,37,36.35,37,38,38.66,38,38,0.936,0.022,1.929,3280.411,0.0036419398121525,0.0201149425287356,0.021523178807947,gambcolu,gambiae,gambiae,TZA,Kagera,TZ-05,Muleba,TZ-05_gamb_2015,TZ-05_gamb_2015_03,TZ-05_gamb_2015_Q1,TZ-05_Muleba_gamb_2015,TZ-05_Muleba_gamb_2015_03,TZ-05_Muleba_gamb_2015_Q1,BL0102-C_gambiae,0_BL0102-C
BL0103-C,gambiae,Plate_A_E2,Bilali Kabula,Tanzania,Muleba,2015,3,-1.962,31.621,F,AG1000G-TZ,3.0,1,AG1000G-TZ,https://www.malariagen.net/partner_study/AG1000G-TZ,2025-01-01,https://www.malariagen.net/data/our-approach-sharing-data/ag1000g-terms-of-use/,True,32.79,33,34,32.82,33,33,33.01,33,34,32.09,32,33,32.43,33,33,34.2,33,34,0.936,0.022,2.079,3316.246,0.0026819923371647,0.0129124820659971,0.0132231404958677,gambcolu,gambiae,gambiae,TZA,Kagera,TZ-05,Muleba,TZ-05_gamb_2015,TZ-05_gamb_2015_03,TZ-05_gamb_2015_Q1,TZ-05_Muleba_gamb_2015,TZ-05_Muleba_gamb_2015_03,TZ-05_Muleba_gamb_2015_Q1,BL0103-C_gambiae,0_BL0103-C
BL0105-C,gambiae,Plate_A_A3,Bilali Kabula,Tanzania,Muleba,2015,3,-1.962,31.621,M,AG1000G-TZ,3.0,1,AG1000G-TZ,https://www.malariagen.net/partner_study/AG1000G-TZ,2025-01-01,https://www.malariagen.net/data/our-approach-sharing-data/ag1000g-terms-of-use/,True,27.9,28,30,29.57,30,30,29.39,30,30,28.64,29,29,28.83,29,29,16.91,15,15,0.937,0.02,2.03,2763.603,0.0065246593744003,0.0382119682768565,0.0432252701579384,gambcolu,gambiae,gambiae,TZA,Kagera,TZ-05,Muleba,TZ-05_gamb_2015,TZ-05_gamb_2015_03,TZ-05_gamb_2015_Q1,TZ-05_Muleba_gamb_2015,TZ-05_Muleba_gamb_2015_03,TZ-05_Muleba_gamb_2015_Q1,BL0105-C_gambiae,0_BL0105-C
BL0106-C,gambiae,Plate_A_B3,Bilali Kabula,Tanzania,Muleba,2015,3,-1.962,31.621,M,AG1000G-TZ,3.0,1,AG1000G-TZ,https://www.malariagen.net/partner_study/AG1000G-TZ,2025-01-01,https://www.malariagen.net/data/our-approach-sharing-data/ag1000g-terms-of-use/,True,25.81,26,27,27.11,27,27,27.27,27,28,26.64,27,27,26.68,27,27,15.66,14,14,0.936,0.021,2.073,2630.732,0.0061326178612495,0.0257879656160458,0.0272277227722772,gambcolu,gambiae,gambiae,TZA,Kagera,TZ-05,Muleba,TZ-05_gamb_2015,TZ-05_gamb_2015_03,TZ-05_gamb_2015_Q1,TZ-05_Muleba_gamb_2015,TZ-05_Muleba_gamb_2015_03,TZ-05_Muleba_gamb_2015_Q1,BL0106-C_gambiae,0_BL0106-C
BL0107-C,gambiae,Plate_A_C3,Bilali Kabula,Tanzania,Muleba,2015,3,-1.962,31.621,M,AG1000G-TZ,3.0,1,AG1000G-TZ,https://www.malariagen.net/partner_study/AG1000G-TZ,2025-01-01,https://www.malariagen.net/data/our-approach-sharing-data/ag1000g-terms-of-use/,True,26.63,27,28,28.24,28,28,28.03,28,29,27.32,27,28,27.61,28,28,15.91,14,14,0.936,0.02,2.198,2941.889,0.0051704327843738,0.0317919075144508,0.035,gambcolu,gambiae,gambiae,TZA,Kagera,TZ-05,Muleba,TZ-05_gamb_2015,TZ-05_gamb_2015_03,TZ-05_gamb_2015_Q1,TZ-05_Muleba_gamb_2015,TZ-05_Muleba_gamb_2015_03,TZ-05_Muleba_gamb_2015_Q1,BL0107-C_gambiae,0_BL0107-C
BL0108-C,gambiae,Plate_A_D3,Bilali Kabula,Tanzania,Muleba,2015,3,-1.962,31.621,M,AG1000G-TZ,3.0,1,AG1000G-TZ,https://www.malariagen.net/partner_study/AG1000G-TZ,2025-01-01,https://www.malariagen.net/data/our-approach-sharing-data/ag1000g-terms-of-use/,True,27.31,28,29,28.67,29,29,28.95,29,30,28.08,28,29,28.23,28,29,16.6,15,15,0.933,0.022,2.673,4199.927,0.007289468636102,0.0214899713467048,0.0239273927392739,gambcolu,gambiae,gambiae,TZA,Kagera,TZ-05,Muleba,TZ-05_gamb_2015,TZ-05_gamb_2015_03,TZ-05_gamb_2015_Q1,TZ-05_Muleba_gamb_2015,TZ-05_Muleba_gamb_2015_03,TZ-05_Muleba_gamb_2015_Q1,BL0108-C_gambiae,0_BL0108-C
BL0109-C,gambiae,Plate_A_E3,Bilali Kabula,Tanzania,Muleba,2015,3,-1.962,31.621,M,AG1000G-TZ,3.0,1,AG1000G-TZ,https://www.malariagen.net/partner_study/AG1000G-TZ,2025-01-01,https://www.malariagen.net/data/our-approach-sharing-data/ag1000g-terms-of-use/,True,31.41,32,33,33.27,33,34,33.3,34,34,32.1,32,33,32.33,33,33,19.01,17,17,0.939,0.02,2.14,3523.809,0.0057427258805513,0.0280575539568345,0.0306799336650082,gambcolu,gambiae,gambiae,TZA,Kagera,TZ-05,Muleba,TZ-05_gamb_2015,TZ-05_gamb_2015_03,TZ-05_gamb_2015_Q1,TZ-05_Muleba_gamb_2015,TZ-05_Muleba_gamb_2015_03,TZ-05_Muleba_gamb_2015_Q1,BL0109-C_gambiae,0_BL0109-C
BL0110-C,gambiae,Plate_A_F3,Bilali Kabula,Tanzania,Muleba,2015,3,-1.962,31.621,M,AG1000G-TZ,3.0,1,AG1000G-TZ,https://www.malariagen.net/partner_study/AG1000G-TZ,2025-01-01,https://www.malariagen.net/data/our-approach-sharing-data/ag1000g-terms-of-use/,True,27.44,28,29,28.69,29,29,29.39,29,30,27.95,28,28,28.33,28,29,16.67,15,15,0.936,0.022,3.295,5996.224,0.0069018404907975,0.0641210374639769,0.0722591362126245,gambcolu,gambiae,gambiae,TZA,Kagera,TZ-05,Muleba,TZ-05_gamb_2015,TZ-05_gamb_2015_03,TZ-05_gamb_2015_Q1,TZ-05_Muleba_gamb_2015,TZ-05_Muleba_gamb_2015_03,TZ-05_Muleba_gamb_2015_Q1,BL0110-C_gambiae,0_BL0110-C
BL0111-C,gambiae,Plate_A_G3,Bilali Kabula,Tanzania,Muleba,2015,3,-1.962,31.621,M,AG1000G-TZ,3.0,1,AG1000G-TZ,https://www.malariagen.net/partner_study/AG1000G-TZ,2025-01-01,https://www.malariagen.net/data/our-approach-sharing-data/ag1000g-terms-of-use/,True,30.91,31,33,32.37,32,33,32.74,33,33,31.6,32,32,32.09,32,33,19.0,17,17,0.938,0.021,1.979,2965.21,0.0061326178612495,0.0288184438040345,0.032392026578073,gambcolu,gambiae,gambiae,TZA,Kagera,TZ-05,Muleba,TZ-05_gamb_2015,TZ-05_gamb_2015_03,TZ-05_gamb_2015_Q1,TZ-05_Muleba_gamb_2015,TZ-05_Muleba_gamb_2015_03,TZ-05_Muleba_gamb_2015_Q1,BL0111-C_gambiae,0_BL0111-C
BL0112-C,gambiae,Plate_A_H3,Bilali Kabula,Tanzania,Muleba,2015,3,-1.962,31.621,M,AG1000G-TZ,3.0,1,AG1000G-TZ,https://www.malariagen.net/partner_study/AG1000G-TZ,2025-01-01,https://www.malariagen.net/data/our-approach-sharing-data/ag1000g-terms-of-use/,True,29.23,30,31,30.66,31,31,30.94,31,32,30.03,30,31,30.29,30,31,17.73,16,16,0.937,0.021,2.035,3026.933,0.0078544061302681,0.0300859598853868,0.033003300330033,gambcolu,gambiae,gambiae,TZA,Kagera,TZ-05,Muleba,TZ-05_gamb_2015,TZ-05_gamb_2015_03,TZ-05_gamb_2015_Q1,TZ-05_Muleba_gamb_2015,TZ-05_Muleba_gamb_2015_03,TZ-05_Muleba_gamb_2015_Q1,BL0112-C_gambiae,0_BL0112-C
BL0114-C,gambiae,Plate_B_D11,Bilali Kabula,Tanzania,Muleba,2015,6,-1.962,31.621,F,AG1000G-TZ,3.0,2,AG1000G-TZ,https://www.malariagen.net/partner_study/AG1000G-TZ,2025-01-01,https://www.malariagen.net/data/our-approach-sharing-data/ag1000g-terms-of-use/,True,31.95,32,33,32.2,32,33,32.3,33,33,31.4,32,33,31.19,32,33,33.19,33,33,0.938,0.021,2.147,3393.651,0.0038299502106472,0.015,0.0148026315789473,gambcolu,gambiae,gambiae,TZA,Kagera,TZ-05,Muleba,TZ-05_gamb_2015,TZ-05_gamb_2015_06,TZ-05_gamb_2015_Q2,TZ-05_Muleba_gamb_2015,TZ-05_Muleba_gamb_2015_06,TZ-05_Muleba_gamb_2015_Q2,BL0114-C_gambiae,0_BL0114-C
BL0115-C,gambiae,Plate_B_H11,Bilali Kabula,Tanzania,Muleba,2015,6,-1.962,31.621,F,AG1000G-TZ,3.0,2,AG1000G-TZ,https://www.malariagen.net/partner_study/AG1000G-TZ,2025-01-01,https://www.malariagen.net/data/our-approach-sharing-data/ag1000g-terms-of-use/,True,26.96,27,27,27.05,27,27,27.05,27,28,26.67,27,27,26.61,27,27,27.89,27,27,0.934,0.022,2.702,3816.742,0.0059386973180076,0.0200860832137733,0.0214876033057851,gambcolu,gambiae,gambiae,TZA,Kagera,TZ-05,Muleba,TZ-05_gamb_2015,TZ-05_gamb_2015_06,TZ-05_gamb_2015_Q2,TZ-05_Muleba_gamb_2015,TZ-05_Muleba_gamb_2015_06,TZ-05_Muleba_gamb_2015_Q2,BL0115-C_gambiae,0_BL0115-C
BL0116-C,gambiae,Plate_B_A12,Bilali Kabula,Tanzania,Muleba,2015,6,-1.962,31.621,F,AG1000G-TZ,3.0,2,AG1000G-TZ,https://www.malariagen.net/partner_study/AG1000G-TZ,2025-01-01,https://www.malariagen.net/data/our-approach-sharing-data/ag1000g-terms-of-use/,True,33.79,34,35,33.93,34,35,33.92,34,35,33.33,34,35,33.4,34,34,34.89,34,34,0.939,0.021,2.256,4000.224,0.0038336208548974,0.0178826895565093,0.0189456342668863,gambcolu,gambiae,gambiae,TZA,Kagera,TZ-05,Muleba,TZ-05_gamb_2015,TZ-05_gamb_2015_06,TZ-05_gamb_2015_Q2,TZ-05_Muleba_gamb_2015,TZ-05_Muleba_gamb_2015_06,TZ-05_Muleba_gamb_2015_Q2,BL0116-C_gambiae,0_BL0116-C
BL0117-C,gambiae,Plate_B_E12,Bilali Kabula,Tanzania,Muleba,2015,6,-1.962,31.621,F,AG1000G-TZ,3.0,2,AG1000G-TZ,https://www.malariagen.net/partner_study/AG1000G-TZ,2025-01-01,https://www.malariagen.net/data/our-approach-sharing-data/ag1000g-terms-of-use/,True,33.59,34,34,33.69,34,34,33.95,34,35,32.83,33,34,32.99,33,34,35.16,34,34,0.939,0.021,2.639,5001.271,0.0047911077041011,0.0157819225251076,0.0181518151815181,gambcolu,gambiae,gambiae,TZA,Kagera,TZ-05,Muleba,TZ-05_gamb_2015,TZ-05_gamb_2015_06,TZ-05_gamb_2015_Q2,TZ-05_Muleba_gamb_2015,TZ-05_Muleba_gamb_2015_06,TZ-05_Muleba_gamb_2015_Q2,BL0117-C_gambiae,0_BL0117-C
BL0119-C,gambiae,Plate_E_B11,Bilali Kabula,Tanzania,Muleba,2015,6,-1.962,31.621,F,AG1000G-TZ,3.0,2,AG1000G-TZ,https://www.malariagen.net/partner_study/AG1000G-TZ,2025-01-01,https://www.malariagen.net/data/our-approach-sharing-data/ag1000g-terms-of-use/,True,22.11,22,22,22.18,22,22,22.12,22,22,21.85,22,22,21.86,22,22,22.96,22,22,0.935,0.021,2.261,2222.689,0.004787437763309,0.0251979841612671,0.0265560165975103,gambcolu,gambiae,gambiae,TZA,Kagera,TZ-05,Muleba,TZ-05_gamb_2015,TZ-05_gamb_2015_06,TZ-05_gamb_2015_Q2,TZ-05_Muleba_gamb_2015,TZ-05_Muleba_gamb_2015_06,TZ-05_Muleba_gamb_2015_Q2,BL0119-C_gambiae,0_BL0119-C
BL0120-C,gambiae,Plate_E_C11,Bilali Kabula,Tanzania,Muleba,2015,6,-1.962,31.621,F,AG1000G-TZ,3.0,2,AG1000G-TZ,https://www.malariagen.net/partner_study/AG1000G-TZ,2025-01-01,https://www.malariagen.net/data/our-approach-sharing-data/ag1000g-terms-of-use/,True,27.67,27,28,27.71,27,28,27.56,27,28,27.25,27,28,27.49,27,28,29.0,28,28,0.935,0.022,2.561,3806.903,0.0095803793830235,0.0208633093525179,0.0207296849087893,gambcolu,gambiae,gambiae,TZA,Kagera,TZ-05,Muleba,TZ-05_gamb_2015,TZ-05_gamb_2015_06,TZ-05_gamb_2015_Q2,TZ-05_Muleba_gamb_2015,TZ-05_Muleba_gamb_2015_06,TZ-05_Muleba_gamb_2015_Q2,BL0120-C_gambiae,0_BL0120-C
BL0121-C,gambiae,Plate_E_D11,Bilali Kabula,Tanzania,Muleba,2015,6,-1.962,31.621,F,AG1000G-TZ,3.0,2,AG1000G-TZ,https://www.malariagen.net/partner_study/AG1000G-TZ,2025-01-01,https://www.malariagen.net/data/our-approach-sharing-data/ag1000g-terms-of-use/,True,34.2,35,35,34.33,35,35,34.3,35,36,33.72,34,35,33.84,34,35,35.33,35,35,0.94,0.021,2.543,4997.349,0.0080490609428899,0.0222541277817659,0.0222956234516928,gambcolu,gambiae,gambiae,TZA,Kagera,TZ-05,Muleba,TZ-05_gamb_2015,TZ-05_gamb_2015_06,TZ-05_gamb_2015_Q2,TZ-05_Muleba_gamb_2015,TZ-05_Muleba_gamb_2015_06,TZ-05_Muleba_gamb_2015_Q2,BL0121-C_gambiae,0_BL0121-C
BL0124-C,gambiae,Plate_E_A12,Bilali Kabula,Tanzania,Muleba,2015,6,-1.962,31.621,F,AG1000G-TZ,3.0,2,AG1000G-TZ,https://www.malariagen.net/partner_study/AG1000G-TZ,2025-01-01,https://www.malariagen.net/data/our-approach-sharing-data/ag1000g-terms-of-use/,True,30.09,30,31,30.18,30,31,30.15,31,31,29.7,30,31,29.8,30,31,31.13,30,30,0.938,0.021,2.256,3334.076,0.004408663983132,0.0193548387096774,0.0214698596201486,gambcolu,gambiae,gambiae,TZA,Kagera,TZ-05,Muleba,TZ-05_gamb_2015,TZ-05_gamb_2015_06,TZ-05_gamb_2015_Q2,TZ-05_Muleba_gamb_2015,TZ-05_Muleba_gamb_2015_06,TZ-05_Muleba_gamb_2015_Q2,BL0124-C_gambiae,0_BL0124-C
BL0125-C,gambiae,Plate_E_B12,Bilali Kabula,Tanzania,Muleba,2015,6,-1.962,31.621,F,AG1000G-TZ,3.0,2,AG1000G-TZ,https://www.malariagen.net/partner_study/AG1000G-TZ,2025-01-01,https://www.malariagen.net/data/our-approach-sharing-data/ag1000g-terms-of-use/,True,27.11,27,28,27.18,27,27,27.15,27,28,26.79,27,28,26.82,27,27,28.13,27,28,0.937,0.022,3.048,4918.963,0.0055566200421536,0.0272792534099066,0.0289017341040462,gambcolu,gambiae,gambiae,TZA,Kagera,TZ-05,Muleba,TZ-05_gamb_2015,TZ-05_gamb_2015_06,TZ-05_gamb_2015_Q2,TZ-05_Muleba_gamb_2015,TZ-05_Muleba_gamb_2015_06,TZ-05_Muleba_gamb_2015_Q2,BL0125-C_gambiae,0_BL0125-C
BL0128-C,gambiae,Plate_F_B12,Bilali Kabula,Tanzania,Muleba,2015,3,-1.962,31.621,F,AG1000G-TZ,3.0,1,AG1000G-TZ,https://www.malariagen.net/partner_study/AG1000G-TZ,2025-01-01,https://www.malariagen.net/data/our-approach-sharing-data/ag1000g-terms-of-use/,True,23.77,24,24,23.79,24,24,23.81,24,24,23.53,24,24,23.54,24,24,24.58,24,24,0.933,0.022,2.167,2359.537,0.0057482276298141,0.0150214592274678,0.015650741350906,gambcolu,gambiae,gambiae,TZA,Kagera,TZ-05,Muleba,TZ-05_gamb_2015,TZ-05_gamb_2015_03,TZ-05_gamb_2015_Q1,TZ-05_Muleba_gamb_2015,TZ-05_Muleba_gamb_2015_03,TZ-05_Muleba_gamb_2015_Q1,BL0128-C_gambiae,0_BL0128-C
BL0137-C,gambiae,Plate_E_A6,Bilali Kabula,Tanzania,Muleba,2015,6,-1.962,31.621,F,AG1000G-TZ,3.0,2,AG1000G-TZ,https://www.malariagen.net/partner_study/AG1000G-TZ,2025-01-01,https://www.malariagen.net/data/our-approach-sharing-data/ag1000g-terms-of-use/,True,34.8,35,36,35.07,35,36,34.8,35,36,34.32,35,36,34.41,35,36,36.03,35,36,0.936,0.022,2.227,4116.222,0.0162835249042145,0.0229555236728837,0.0239273927392739,gambcolu,gambiae,gambiae,TZA,Kagera,TZ-05,Muleba,TZ-05_gamb_2015,TZ-05_gamb_2015_06,TZ-05_gamb_2015_Q2,TZ-05_Muleba_gamb_2015,TZ-05_Muleba_gamb_2015_06,TZ-05_Muleba_gamb_2015_Q2,BL0137-C_gambiae,0_BL0137-C
BL0138-C,gambiae,Plate_E_B8,Bilali Kabula,Tanzania,Muleba,2015,6,-1.962,31.621,F,AG1000G-TZ,3.0,2,AG1000G-TZ,https://www.malariagen.net/partner_study/AG1000G-TZ,2025-01-01,https://www.malariagen.net/data/our-approach-sharing-data/ag1000g-terms-of-use/,True,32.33,32,33,32.41,33,33,32.24,33,33,31.94,32,33,32.16,32,33,33.52,33,33,0.94,0.021,2.589,4848.01,0.0065159064775776,0.0207290922087205,0.0230452674897119,gambcolu,gambiae,gambiae,TZA,Kagera,TZ-05,Muleba,TZ-05_gamb_2015,TZ-05_gamb_2015_06,TZ-05_gamb_2015_Q2,TZ-05_Muleba_gamb_2015,TZ-05_Muleba_gamb_2015_06,TZ-05_Muleba_gamb_2015_Q2,BL0138-C_gambiae,0_BL0138-C
BL0142-C,gambiae,Plate_E_B10,Bilali Kabula,Tanzania,Muleba,2015,6,-1.962,31.621,F,AG1000G-TZ,3.0,2,AG1000G-TZ,https://www.malariagen.net/partner_study/AG1000G-TZ,2025-01-01,https://www.malariagen.net/data/our-approach-sharing-data/ag1000g-terms-of-use/,True,32.78,33,34,32.88,33,34,32.86,33,34,32.42,33,34,32.4,33,33,33.87,33,33,0.936,0.022,2.13,3455.772,0.0049789352738414,0.02,0.0213815789473684,gambcolu,gambiae,gambiae,TZA,Kagera,TZ-05,Muleba,TZ-05_gamb_2015,TZ-05_gamb_2015_06,TZ-05_gamb_2015_Q2,TZ-05_Muleba_gamb_2015,TZ-05_Muleba_gamb_2015_06,TZ-05_Muleba_gamb_2015_Q2,BL0142-C_gambiae,0_BL0142-C
BL0346-C,gambiae,M_1,David Weetman,Tanzania,Muheza,2013,1,-4.94,38.948,F,AG1000G-TZ,3.0,1,AG1000G-TZ,https://www.malariagen.net/partner_study/AG1000G-TZ,2025-01-01,https://www.malariagen.net/data/our-approach-sharing-data/ag1000g-terms-of-use/,True,32.06,32,33,32.24,33,33,32.29,33,33,31.56,32,33,31.66,32,33,32.92,32,33,0.938,0.021,1.503,2361.718,0.0061337933678359,0.0251436781609195,0.0272727272727272,gambcolu,gambiae,gambiae,TZA,Tanga,TZ-25,Muheza,TZ-25_gamb_2013,TZ-25_gamb_2013_01,TZ-25_gamb_2013_Q1,TZ-25_Muheza_gamb_2013,TZ-25_Muheza_gamb_2013_01,TZ-25_Muheza_gamb_2013_Q1,BL0346-C_gambiae,0_BL0346-C
BL0347-C,gambiae,M_2,David Weetman,Tanzania,Muheza,2013,1,-4.94,38.948,F,AG1000G-TZ,3.0,1,AG1000G-TZ,https://www.malariagen.net/partner_study/AG1000G-TZ,2025-01-01,https://www.malariagen.net/data/our-approach-sharing-data/ag1000g-terms-of-use/,True,34.67,35,36,34.84,35,36,34.87,35,36,34.26,35,36,34.16,35,36,35.67,35,35,0.936,0.022,1.303,1923.628,0.0143705690745353,0.0329985652797704,0.0371900826446281,gambcolu,gambiae,gambiae,TZA,Tanga,TZ-25,Muheza,TZ-25_gamb_2013,TZ-25_gamb_2013_01,TZ-25_gamb_2013_Q1,TZ-25_Muheza_gamb_2013,TZ-25_Muheza_gamb_2013_01,TZ-25_Muheza_gamb_2013_Q1,BL0347-C_gambiae,0_BL0347-C
BL0348-C,gambiae,M_3,David Weetman,Tanzania,Muheza,2013,1,-4.94,38.948,F,AG1000G-TZ,3.0,1,AG1000G-TZ,https://www.malariagen.net/partner_study/AG1000G-TZ,2025-01-01,https://www.malariagen.net/data/our-approach-sharing-data/ag1000g-terms-of-use/,True,35.7,36,37,35.96,36,37,35.97,37,37,35.14,36,37,35.18,36,37,36.59,36,37,0.939,0.021,1.403,2512.604,0.0049770290964777,0.0351002865329512,0.0346534653465346,gambcolu,gambiae,gambiae,TZA,Tanga,TZ-25,Muheza,TZ-25_gamb_2013,TZ-25_gamb_2013_01,TZ-25_gamb_2013_Q1,TZ-25_Muheza_gamb_2013,TZ-25_Muheza_gamb_2013_01,TZ-25_Muheza_gamb_2013_Q1,BL0348-C_gambiae,0_BL0348-C
BL0350-C,gambiae,M_5,David Weetman,Tanzania,Muheza,2013,1,-4.94,38.948,F,AG1000G-TZ,3.0,1,AG1000G-TZ,https://www.malariagen.net/partner_study/AG1000G-TZ,2025-01-01,https://www.malariagen.net/data/our-approach-sharing-data/ag1000g-terms-of-use/,True,30.57,31,32,30.74,31,32,30.79,31,32,30.07,31,31,30.23,31,31,31.32,31,31,0.937,0.021,1.709,2525.262,0.0373420145538108,0.0236051502145922,0.0222405271828665,gambcolu,gambiae,gambiae,TZA,Tanga,TZ-25,Muheza,TZ-25_gamb_2013,TZ-25_gamb_2013_01,TZ-25_gamb_2013_Q1,TZ-25_Muheza_gamb_2013,TZ-25_Muheza_gamb_2013_01,TZ-25_Muheza_gamb_2013_Q1,BL0350-C_gambiae,0_BL0350-C
BL0351-C,gambiae,M_6,David Weetman,Tanzania,Muheza,2013,1,-4.94,38.948,F,AG1000G-TZ,3.0,1,AG1000G-TZ,https://www.malariagen.net/partner_study/AG1000G-TZ,2025-01-01,https://www.malariagen.net/data/our-approach-sharing-data/ag1000g-terms-of-use/,True,29.67,30,30,30.16,30,30,29.94,30,31,29.09,29,30,29.11,29,30,30.24,30,30,0.937,0.02,1.474,2330.244,0.0082375478927203,0.0143061516452074,0.0164744645799011,gambcolu,gambiae,gambiae,TZA,Tanga,TZ-25,Muheza,TZ-25_gamb_2013,TZ-25_gamb_2013_01,TZ-25_gamb_2013_Q1,TZ-25_Muheza_gamb_2013,TZ-25_Muheza_gamb_2013_01,TZ-25_Muheza_gamb_2013_Q1,BL0351-C_gambiae,0_BL0351-C
BL0353-C,gambiae,M_8,David Weetman,Tanzania,Muheza,2013,1,-4.94,38.948,F,AG1000G-TZ,3.0,1,AG1000G-TZ,https://www.malariagen.net/partner_study/AG1000G-TZ,2025-01-01,https://www.malariagen.net/data/our-approach-sharing-data/ag1000g-terms-of-use/,True,33.94,34,35,34.12,34,35,34.22,35,35,33.4,34,35,33.52,34,35,34.74,34,35,0.938,0.021,1.562,2713.804,0.0097626339969372,0.024390243902439,0.0272277227722772,gambcolu,gambiae,gambiae,TZA,Tanga,TZ-25,Muheza,TZ-25_gamb_2013,TZ-25_gamb_2013_01,TZ-25_gamb_2013_Q1,TZ-25_Muheza_gamb_2013,TZ-25_Muheza_gamb_2013_01,TZ-25_Muheza_gamb_2013_Q1,BL0353-C_gambiae,0_BL0353-C
BL0354-C,gambiae,M_9,David Weetman,Tanzania,Muheza,2013,1,-4.94,38.948,F,AG1000G-TZ,3.0,1,AG1000G-TZ,https://www.malariagen.net/partner_study/AG1000G-TZ,2025-01-01,https://www.malariagen.net/data/our-approach-sharing-data/ag1000g-terms-of-use/,True,30.19,30,31,30.37,31,31,30.28,31,31,29.68,30,31,29.94,30,31,31.0,30,31,0.934,0.022,1.543,2240.93,0.0334992343032159,0.0244252873563218,0.0281456953642384,gambcolu,gambiae,gambiae,TZA,Tanga,TZ-25,Muheza,TZ-25_gamb_2013,TZ-25_gamb_2013_01,TZ-25_gamb_2013_Q1,TZ-25_Muheza_gamb_2013,TZ-25_Muheza_gamb_2013_01,TZ-25_Muheza_gamb_2013_Q1,BL0354-C_gambiae,0_BL0354-C
BL0356-C,gambiae,M_11,David Weetman,Tanzania,Muheza,2013,1,-4.94,38.948,F,AG1000G-TZ,3.0,1,AG1000G-TZ,https://www.malariagen.net/partner_study/AG1000G-TZ,2025-01-01,https://www.malariagen.net/data/our-approach-sharing-data/ag1000g-terms-of-use/,True,30.83,31,32,31.31,31,32,30.84,31,32,30.29,31,32,30.46,31,31,31.62,31,31,0.938,0.02,1.504,2307.758,0.0287466462246071,0.027997128499641,0.0297766749379652,gambcolu,gambiae,gambiae,TZA,Tanga,TZ-25,Muheza,TZ-25_gamb_2013,TZ-25_gamb_2013_01,TZ-25_gamb_2013_Q1,TZ-25_Muheza_gamb_2013,TZ-25_Muheza_gamb_2013_01,TZ-25_Muheza_gamb_2013_Q1,BL0356-C_gambiae,0_BL0356-C
BL0359-C,gambiae,M_14,David Weetman,Tanzania,Muheza,2013,1,-4.94,38.948,F,AG1000G-TZ,3.0,1,AG1000G-TZ,https://www.malariagen.net/partner_study/AG1000G-TZ,2025-01-01,https://www.malariagen.net/data/our-approach-sharing-data/ag1000g-terms-of-use/,True,34.37,35,35,34.52,35,35,34.43,35,36,33.96,34,36,34.08,34,35,35.33,35,35,0.937,0.022,1.616,2818.174,0.0120712780226096,0.0300859598853868,0.0321252059308072,gambcolu,gambiae,gambiae,TZA,Tanga,TZ-25,Muheza,TZ-25_gamb_2013,TZ-25_gamb_2013_01,TZ-25_gamb_2013_Q1,TZ-25_Muheza_gamb_2013,TZ-25_Muheza_gamb_2013_01,TZ-25_Muheza_gamb_2013_Q1,BL0359-C_gambiae,0_BL0359-C
BL0361-C,gambiae,M_16,David Weetman,Tanzania,Muheza,2013,1,-4.94,38.948,F,AG1000G-TZ,3.0,1,AG1000G-TZ,https://www.malariagen.net/partner_study/AG1000G-TZ,2025-01-01,https://www.malariagen.net/data/our-approach-sharing-data/ag1000g-terms-of-use/,True,33.0,33,34,33.12,33,34,33.16,34,34,32.52,33,34,32.67,33,34,33.9,33,34,0.938,0.021,1.464,2283.689,0.0277724573836429,0.0272401433691756,0.0305532617671346,gambcolu,gambiae,gambiae,TZA,Tanga,TZ-25,Muheza,TZ-25_gamb_2013,TZ-25_gamb_2013_01,TZ-25_gamb_2013_Q1,TZ-25_Muheza_gamb_2013,TZ-25_Muheza_gamb_2013_01,TZ-25_Muheza_gamb_2013_Q1,BL0361-C_gambiae,0_BL0361-C
BL0362-C,gambiae,M_17,David Weetman,Tanzania,Muheza,2013,1,-4.94,38.948,F,AG1000G-TZ,3.0,1,AG1000G-TZ,https://www.malariagen.net/partner_study/AG1000G-TZ,2025-01-01,https://www.malariagen.net/data/our-approach-sharing-data/ag1000g-terms-of-use/,True,28.41,29,29,28.49,29,29,28.55,29,29,28.08,28,29,28.08,28,29,29.17,28,29,0.933,0.022,1.818,2666.012,0.0189655172413793,0.0294328786791098,0.0313790255986787,gambcolu,gambiae,gambiae,TZA,Tanga,TZ-25,Muheza,TZ-25_gamb_2013,TZ-25_gamb_2013_01,TZ-25_gamb_2013_Q1,TZ-25_Muheza_gamb_2013,TZ-25_Muheza_gamb_2013_01,TZ-25_Muheza_gamb_2013_Q1,BL0362-C_gambiae,0_BL0362-C
BL0363-C,gambiae,M_18,David Weetman,Tanzania,Muheza,2013,1,-4.94,38.948,F,AG1000G-TZ,3.0,1,AG1000G-TZ,https://www.malariagen.net/partner_study/AG1000G-TZ,2025-01-01,https://www.malariagen.net/data/our-approach-sharing-data/ag1000g-terms-of-use/,True,27.9,28,29,28.11,28,29,28.16,28,29,27.48,28,28,27.4,28,28,28.62,28,28,0.936,0.021,1.78,2453.889,0.0308429118773946,0.0372759856630824,0.0387469084913437,gambcolu,gambiae,gambiae,TZA,Tanga,TZ-25,Muheza,TZ-25_gamb_2013,TZ-25_gamb_2013_01,TZ-25_gamb_2013_Q1,TZ-25_Muheza_gamb_2013,TZ-25_Muheza_gamb_2013_01,TZ-25_Muheza_gamb_2013_Q1,BL0363-C_gambiae,0_BL0363-C
BL0368-C,gambiae,M_23,David Weetman,Tanzania,Muheza,2013,1,-4.94,38.948,F,AG1000G-TZ,3.0,1,AG1000G-TZ,https://www.malariagen.net/partner_study/AG1000G-TZ,2025-01-01,https://www.malariagen.net/data/our-approach-sharing-data/ag1000g-terms-of-use/,True,29.48,30,30,29.57,30,30,29.64,30,31,29.12,29,30,29.22,29,30,30.11,29,30,0.938,0.021,2.01,3491.411,0.0061279203370356,0.0251076040172166,0.024793388429752,gambcolu,gambiae,gambiae,TZA,Tanga,TZ-25,Muheza,TZ-25_gamb_2013,TZ-25_gamb_2013_01,TZ-25_gamb_2013_Q1,TZ-25_Muheza_gamb_2013,TZ-25_Muheza_gamb_2013_01,TZ-25_Muheza_gamb_2013_Q1,BL0368-C_gambiae,0_BL0368-C
BL0371-C,gambiae,M_26,David Weetman,Tanzania,Muheza,2013,1,-4.94,38.948,F,AG1000G-TZ,3.0,1,AG1000G-TZ,https://www.malariagen.net/partner_study/AG1000G-TZ,2025-01-01,https://www.malariagen.net/data/our-approach-sharing-data/ag1000g-terms-of-use/,True,33.46,34,34,33.96,34,34,33.4,34,35,32.95,33,34,32.98,33,34,34.58,34,34,0.939,0.02,1.452,2577.321,0.0394862948054437,0.0258435032304379,0.0281224152191894,gambcolu,gambiae,gambiae,TZA,Tanga,TZ-25,Muheza,TZ-25_gamb_2013,TZ-25_gamb_2013_01,TZ-25_gamb_2013_Q1,TZ-25_Muheza_gamb_2013,TZ-25_Muheza_gamb_2013_01,TZ-25_Muheza_gamb_2013_Q1,BL0371-C_gambiae,0_BL0371-C
BL0372-C,gambiae,M_27,David Weetman,Tanzania,Muheza,2013,1,-4.94,38.948,F,AG1000G-TZ,3.0,1,AG1000G-TZ,https://www.malariagen.net/partner_study/AG1000G-TZ,2025-01-01,https://www.malariagen.net/data/our-approach-sharing-data/ag1000g-terms-of-use/,True,29.2,29,30,29.42,30,30,29.35,30,30,28.91,29,30,28.71,29,30,29.93,29,30,0.938,0.021,1.803,2898.878,0.0335313278405824,0.0258620689655172,0.0240066225165562,gambcolu,gambiae,gambiae,TZA,Tanga,TZ-25,Muheza,TZ-25_gamb_2013,TZ-25_gamb_2013_01,TZ-25_gamb_2013_Q1,TZ-25_Muheza_gamb_2013,TZ-25_Muheza_gamb_2013_01,TZ-25_Muheza_gamb_2013_Q1,BL0372-C_gambiae,0_BL0372-C
BL0375-C,gambiae,M_30,David Weetman,Tanzania,Muheza,2013,1,-4.94,38.948,F,AG1000G-TZ,3.0,1,AG1000G-TZ,https://www.malariagen.net/partner_study/AG1000G-TZ,2025-01-01,https://www.malariagen.net/data/our-approach-sharing-data/ag1000g-terms-of-use/,True,31.59,32,32,31.76,32,32,31.84,32,33,31.17,32,32,31.13,32,32,32.36,32,32,0.938,0.021,1.768,3092.96,0.0143760782058654,0.02372393961179,0.0256410256410256,gambcolu,gambiae,gambiae,TZA,Tanga,TZ-25,Muheza,TZ-25_gamb_2013,TZ-25_gamb_2013_01,TZ-25_gamb_2013_Q1,TZ-25_Muheza_gamb_2013,TZ-25_Muheza_gamb_2013_01,TZ-25_Muheza_gamb_2013_Q1,BL0375-C_gambiae,0_BL0375-C
BL0376-C,gambiae,M_31,David Weetman,Tanzania,Muheza,2013,1,-4.94,38.948,F,AG1000G-TZ,3.0,1,AG1000G-TZ,https://www.malariagen.net/partner_study/AG1000G-TZ,2025-01-01,https://www.malariagen.net/data/our-approach-sharing-data/ag1000g-terms-of-use/,True,27.57,28,28,27.7,28,28,27.72,28,29,27.27,27,28,27.24,27,28,28.16,27,28,0.938,0.021,2.663,4722.385,0.0226010342846198,0.0236559139784946,0.0255986787778695,gambcolu,gambiae,gambiae,TZA,Tanga,TZ-25,Muheza,TZ-25_gamb_2013,TZ-25_gamb_2013_01,TZ-25_gamb_2013_Q1,TZ-25_Muheza_gamb_2013,TZ-25_Muheza_gamb_2013_01,TZ-25_Muheza_gamb_2013_Q1,BL0376-C_gambiae,0_BL0376-C
BL0377-C,gambiae,M_32,David Weetman,Tanzania,Muheza,2013,1,-4.94,38.948,F,AG1000G-TZ,3.0,1,AG1000G-TZ,https://www.malariagen.net/partner_study/AG1000G-TZ,2025-01-01,https://www.malariagen.net/data/our-approach-sharing-data/ag1000g-terms-of-use/,True,34.35,35,35,34.89,35,35,34.3,35,36,33.76,34,35,34.06,34,35,35.08,34,35,0.941,0.02,1.706,3169.179,0.0149368058215243,0.0816034359341446,0.0247320692497939,gambcolu,gambiae,gambiae,TZA,Tanga,TZ-25,Muheza,TZ-25_gamb_2013,TZ-25_gamb_2013_01,TZ-25_gamb_2013_Q1,TZ-25_Muheza_gamb_2013,TZ-25_Muheza_gamb_2013_01,TZ-25_Muheza_gamb_2013_Q1,BL0377-C_gambiae,0_BL0377-C
BL0378-C,gambiae,M_33,David Weetman,Tanzania,Muheza,2013,1,-4.94,38.948,F,AG1000G-TZ,3.0,1,AG1000G-TZ,https://www.malariagen.net/partner_study/AG1000G-TZ,2025-01-01,https://www.malariagen.net/data/our-approach-sharing-data/ag1000g-terms-of-use/,True,29.3,29,30,29.72,30,30,29.43,30,30,28.92,29,30,28.74,29,30,30.06,29,30,0.938,0.02,1.656,2559.409,0.0120666538977207,0.0251436781609195,0.0281456953642384,gambcolu,gambiae,gambiae,TZA,Tanga,TZ-25,Muheza,TZ-25_gamb_2013,TZ-25_gamb_2013_01,TZ-25_gamb_2013_Q1,TZ-25_Muheza_gamb_2013,TZ-25_Muheza_gamb_2013_01,TZ-25_Muheza_gamb_2013_Q1,BL0378-C_gambiae,0_BL0378-C
BL0379-C,gambiae,M_34,David Weetman,Tanzania,Muheza,2013,1,-4.94,38.948,F,AG1000G-TZ,3.0,1,AG1000G-TZ,https://www.malariagen.net/partner_study/AG1000G-TZ,2025-01-01,https://www.malariagen.net/data/our-approach-sharing-data/ag1000g-terms-of-use/,True,23.53,24,24,23.6,24,24,23.71,24,24,23.17,23,24,23.18,23,24,24.38,24,24,0.935,0.021,2.448,3484.315,0.0281663153860892,0.039426523297491,0.028075970272502,gambcolu,gambiae,gambiae,TZA,Tanga,TZ-25,Muheza,TZ-25_gamb_2013,TZ-25_gamb_2013_01,TZ-25_gamb_2013_Q1,TZ-25_Muheza_gamb_2013,TZ-25_Muheza_gamb_2013_01,TZ-25_Muheza_gamb_2013_Q1,BL0379-C_gambiae,0_BL0379-C
BL0380-C,gambiae,M_35,David Weetman,Tanzania,Muheza,2013,1,-4.94,38.948,F,AG1000G-TZ,3.0,1,AG1000G-TZ,https://www.malariagen.net/partner_study/AG1000G-TZ,2025-01-01,https://www.malariagen.net/data/our-approach-sharing-data/ag1000g-terms-of-use/,True,29.11,29,30,29.32,29,30,29.24,30,30,28.67,29,30,28.81,29,30,29.78,29,29,0.937,0.022,1.716,2617.208,0.0059341500765696,0.0874551971326164,0.0322047894302229,gambcolu,gambiae,gambiae,TZA,Tanga,TZ-25,Muheza,TZ-25_gamb_2013,TZ-25_gamb_2013_01,TZ-25_gamb_2013_Q1,TZ-25_Muheza_gamb_2013,TZ-25_Muheza_gamb_2013_01,TZ-25_Muheza_gamb_2013_Q1,BL0380-C_gambiae,0_BL0380-C
BL0381-C,gambiae,M_36,David Weetman,Tanzania,Muheza,2013,1,-4.94,38.948,F,AG1000G-TZ,3.0,1,AG1000G-TZ,https://www.malariagen.net/partner_study/AG1000G-TZ,2025-01-01,https://www.malariagen.net/data/our-approach-sharing-data/ag1000g-terms-of-use/,True,29.34,30,30,29.47,30,30,29.57,30,30,28.88,29,30,29.05,29,30,29.93,29,30,0.937,0.021,1.925,3138.969,0.0128401686469911,0.0316091954022988,0.0355960264900662,gambcolu,gambiae,gambiae,TZA,Tanga,TZ-25,Muheza,TZ-25_gamb_2013,TZ-25_gamb_2013_01,TZ-25_gamb_2013_Q1,TZ-25_Muheza_gamb_2013,TZ-25_Muheza_gamb_2013_01,TZ-25_Muheza_gamb_2013_Q1,BL0381-C_gambiae,0_BL0381-C
BL0382-C,gambiae,M_37,David Weetman,Tanzania,Muheza,2013,1,-4.94,38.948,F,AG1000G-TZ,3.0,1,AG1000G-TZ,https://www.malariagen.net/partner_study/AG1000G-TZ,2025-01-01,https://www.malariagen.net/data/our-approach-sharing-data/ag1000g-terms-of-use/,True,26.53,27,27,26.66,27,27,26.72,27,28,26.18,26,27,26.23,26,27,27.05,26,27,0.934,0.022,2.016,2995.476,0.0059409735530854,0.0257510729613733,0.0280065897858319,gambcolu,gambiae,gambiae,TZA,Tanga,TZ-25,Muheza,TZ-25_gamb_2013,TZ-25_gamb_2013_01,TZ-25_gamb_2013_Q1,TZ-25_Muheza_gamb_2013,TZ-25_Muheza_gamb_2013_01,TZ-25_Muheza_gamb_2013_Q1,BL0382-C_gambiae,0_BL0382-C
BL0383-C,gambiae,M_38,David Weetman,Tanzania,Muheza,2013,1,-4.94,38.948,F,AG1000G-TZ,3.0,1,AG1000G-TZ,https://www.malariagen.net/partner_study/AG1000G-TZ,2025-01-01,https://www.malariagen.net/data/our-approach-sharing-data/ag1000g-terms-of-use/,True,27.16,27,28,27.28,27,28,27.38,28,28,26.79,27,28,26.8,27,28,27.82,27,27,0.935,0.022,2.528,4373.879,0.0164687859057832,0.035075161059413,0.0362737015663643,gambcolu,gambiae,gambiae,TZA,Tanga,TZ-25,Muheza,TZ-25_gamb_2013,TZ-25_gamb_2013_01,TZ-25_gamb_2013_Q1,TZ-25_Muheza_gamb_2013,TZ-25_Muheza_gamb_2013_01,TZ-25_Muheza_gamb_2013_Q1,BL0383-C_gambiae,0_BL0383-C
BL0385-C,gambiae,M_40,David Weetman,Tanzania,Muheza,2013,1,-4.94,38.948,F,AG1000G-TZ,3.0,1,AG1000G-TZ,https://www.malariagen.net/partner_study/AG1000G-TZ,2025-01-01,https://www.malariagen.net/data/our-approach-sharing-data/ag1000g-terms-of-use/,True,35.17,35,36,35.22,36,36,35.24,36,36,34.59,35,36,35.05,35,36,36.23,35,36,0.942,0.021,2.817,7771.062,0.006318207926479,0.0215208034433285,0.0222772277227722,gambcolu,gambiae,gambiae,TZA,Tanga,TZ-25,Muheza,TZ-25_gamb_2013,TZ-25_gamb_2013_01,TZ-25_gamb_2013_Q1,TZ-25_Muheza_gamb_2013,TZ-25_Muheza_gamb_2013_01,TZ-25_Muheza_gamb_2013_Q1,BL0385-C_gambiae,0_BL0385-C
BL0386-C,gambiae,M_41,David Weetman,Tanzania,Muheza,2013,1,-4.94,38.948,F,AG1000G-TZ,3.0,1,AG1000G-TZ,https://www.malariagen.net/partner_study/AG1000G-TZ,2025-01-01,https://www.malariagen.net/data/our-approach-sharing-data/ag1000g-terms-of-use/,True,30.88,31,32,31.0,31,32,31.06,31,32,30.44,31,32,30.49,31,31,31.81,31,31,0.938,0.021,1.833,3022.462,0.0304597701149425,0.0215362526920315,0.0231596360628618,gambcolu,gambiae,gambiae,TZA,Tanga,TZ-25,Muheza,TZ-25_gamb_2013,TZ-25_gamb_2013_01,TZ-25_gamb_2013_Q1,TZ-25_Muheza_gamb_2013,TZ-25_Muheza_gamb_2013_01,TZ-25_Muheza_gamb_2013_Q1,BL0386-C_gambiae,0_BL0386-C
BL0387-C,gambiae,M_42,David Weetman,Tanzania,Muheza,2013,1,-4.94,38.948,F,AG1000G-TZ,3.0,1,AG1000G-TZ,https://www.malariagen.net/partner_study/AG1000G-TZ,2025-01-01,https://www.malariagen.net/data/our-approach-sharing-data/ag1000g-terms-of-use/,True,33.28,34,34,33.34,34,34,33.33,34,34,32.91,33,34,33.11,34,34,34.04,33,34,0.94,0.021,1.505,2523.487,0.0111089829534571,0.0802292263610315,0.0247524752475247,gambcolu,gambiae,gambiae,TZA,Tanga,TZ-25,Muheza,TZ-25_gamb_2013,TZ-25_gamb_2013_01,TZ-25_gamb_2013_Q1,TZ-25_Muheza_gamb_2013,TZ-25_Muheza_gamb_2013_01,TZ-25_Muheza_gamb_2013_Q1,BL0387-C_gambiae,0_BL0387-C
BL0388-C,gambiae,M_43,David Weetman,Tanzania,Muheza,2013,1,-4.94,38.948,F,AG1000G-TZ,3.0,1,AG1000G-TZ,https://www.malariagen.net/partner_study/AG1000G-TZ,2025-01-01,https://www.malariagen.net/data/our-approach-sharing-data/ag1000g-terms-of-use/,True,39.86,40,41,40.13,41,41,39.98,41,42,39.32,40,41,39.56,40,41,40.63,40,41,0.937,0.022,1.446,3444.178,0.0252776713902719,0.0258620689655172,0.0289735099337748,gambcolu,gambiae,gambiae,TZA,Tanga,TZ-25,Muheza,TZ-25_gamb_2013,TZ-25_gamb_2013_01,TZ-25_gamb_2013_Q1,TZ-25_Muheza_gamb_2013,TZ-25_Muheza_gamb_2013_01,TZ-25_Muheza_gamb_2013_Q1,BL0388-C_gambiae,0_BL0388-C
BL0389-C,gambiae,M_44,David Weetman,Tanzania,Muheza,2013,1,-4.94,38.948,F,AG1000G-TZ,3.0,1,AG1000G-TZ,https://www.malariagen.net/partner_study/AG1000G-TZ,2025-01-01,https://www.malariagen.net/data/our-approach-sharing-data/ag1000g-terms-of-use/,True,28.44,29,29,28.63,29,29,28.8,29,30,27.99,28,29,27.94,28,29,29.02,28,29,0.938,0.021,2.151,3567.608,0.0499808502489467,0.0636623748211731,0.0345963756177924,gambcolu,gambiae,gambiae,TZA,Tanga,TZ-25,Muheza,TZ-25_gamb_2013,TZ-25_gamb_2013_01,TZ-25_gamb_2013_Q1,TZ-25_Muheza_gamb_2013,TZ-25_Muheza_gamb_2013_01,TZ-25_Muheza_gamb_2013_Q1,BL0389-C_gambiae,0_BL0389-C
BL0391-C,gambiae,M_46,David Weetman,Tanzania,Muheza,2013,1,-4.94,38.948,F,AG1000G-TZ,3.0,1,AG1000G-TZ,https://www.malariagen.net/partner_study/AG1000G-TZ,2025-01-01,https://www.malariagen.net/data/our-approach-sharing-data/ag1000g-terms-of-use/,True,25.25,25,26,25.36,25,26,25.44,26,26,24.86,25,25,24.96,25,25,25.87,25,25,0.935,0.021,1.644,1974.478,0.0057471264367816,0.0322349570200573,0.0338283828382838,gambcolu,gambiae,gambiae,TZA,Tanga,TZ-25,Muheza,TZ-25_gamb_2013,TZ-25_gamb_2013_01,TZ-25_gamb_2013_Q1,TZ-25_Muheza_gamb_2013,TZ-25_Muheza_gamb_2013_01,TZ-25_Muheza_gamb_2013_Q1,BL0391-C_gambiae,0_BL0391-C
BL0392-C,gambiae,M_47,David Weetman,Tanzania,Muheza,2013,1,-4.94,38.948,F,AG1000G-TZ,3.0,1,AG1000G-TZ,https://www.malariagen.net/partner_study/AG1000G-TZ,2025-01-01,https://www.malariagen.net/data/our-approach-sharing-data/ag1000g-terms-of-use/,True,26.12,26,26,26.18,26,26,26.17,26,27,25.74,26,26,26.02,26,26,26.73,26,26,0.936,0.021,1.93,2592.024,0.0063254744105807,0.0236559139784946,0.0247320692497939,gambcolu,gambiae,gambiae,TZA,Tanga,TZ-25,Muheza,TZ-25_gamb_2013,TZ-25_gamb_2013_01,TZ-25_gamb_2013_Q1,TZ-25_Muheza_gamb_2013,TZ-25_Muheza_gamb_2013_01,TZ-25_Muheza_gamb_2013_Q1,BL0392-C_gambiae,0_BL0392-C
BL0393-C,gambiae,M_48,David Weetman,Tanzania,Muheza,2013,1,-4.94,38.948,F,AG1000G-TZ,3.0,1,AG1000G-TZ,https://www.malariagen.net/partner_study/AG1000G-TZ,2025-01-01,https://www.malariagen.net/data/our-approach-sharing-data/ag1000g-terms-of-use/,True,26.94,27,27,27.37,27,28,27.05,27,28,26.37,27,27,26.56,27,27,27.64,27,27,0.939,0.02,2.464,3914.553,0.0440781908777309,0.0251436781609195,0.0256622516556291,gambcolu,gambiae,gambiae,TZA,Tanga,TZ-25,Muheza,TZ-25_gamb_2013,TZ-25_gamb_2013_01,TZ-25_gamb_2013_Q1,TZ-25_Muheza_gamb_2013,TZ-25_Muheza_gamb_2013_01,TZ-25_Muheza_gamb_2013_Q1,BL0393-C_gambiae,0_BL0393-C
